ACCC 111,1,2021/06/17,9:00,03:00
ACCC 271,1,2021/06/25,9:00,03:00
ACCC 371,1,2021/06/29,9:00,03:00
ACCF 111,1,2021/07/07,9:00,03:00
ACCF 211,1,2021/06/21,14:00,03:00
ACCF 371,1,2021/06/15,9:00,03:00
ACCS 111,1,2021/06/22,9:00,03:00
ACCX 171,1,2021/06/15,9:00,03:00
ACFS 111,1,2021/07/02,9:00,03:00
ACFS 112,1,2021/06/18,9:00,03:00
ACMP 311,1,2021/06/18,9:00,03:00
AECM 111,1,2021/06/15,9:00,03:00
AECM 311,1,2021/06/14,9:00,03:00
AECM 313,1,2021/06/15,9:00,03:00
AECM 314,1,2021/06/23,9:00,03:00
AECM 315,1,2021/06/17,9:00,03:00
AECM 316,1,2021/06/24,9:00,03:00
AECM 411,1,2021/06/14,9:00,03:00
AECM 412,1,2021/06/18,9:00,03:00
AECM 413,1,2021/06/21,9:00,03:00
AECM 414,1,2021/06/15,9:00,03:00
AECM 415,1,2021/06/22,9:00,03:00
AEDM 111,1,2021/06/18,9:00,03:00
AEDM 314,1,2021/06/15,9:00,03:00
AEXM 211,1,2021/06/17,9:00,03:00
AEXM 212,1,2021/06/18,9:00,03:00
AFAF 211,1,2021/07/02,14:00,02:00
AFAF 311,1,2021/06/22,9:00,00:00
AFAF 411,1,2021/07/05,9:00,00:00
AFRF 111,1,2021/07/01,9:00,02:00
AFRF 211,1,2021/06/30,14:00,02:00
AFRF 311,1,2021/06/23,9:00,00:00
AFRF 411,1,2021/06/21,14:00,00:00
AHPM 211,1,2021/06/17,9:00,03:00
AHPM 212,1,2021/06/18,9:00,03:00
AHPM 213,1,2021/06/18,9:00,03:00
AHPM 214,1,2021/06/22,9:00,03:00
AHPM 216,1,2021/06/21,9:00,03:00
AHPM 311,1,2021/06/14,9:00,03:00
AHPM 313,1,2021/06/15,9:00,03:00
AHPM 315,1,2021/06/17,9:00,03:00
AHPM 317,1,2021/06/18,9:00,03:00
AHPM 318,1,2021/06/23,9:00,03:00
AHPM 319,1,2021/06/21,9:00,03:00
AHPM 411,1,2021/06/14,9:00,03:00
AHPM 412,1,2021/06/15,9:00,03:00
AHVM 111,1,2021/06/17,9:00,03:00
AHVM 112,1,2021/06/21,9:00,03:00
AHVM 211,1,2021/06/21,9:00,03:00
AHVM 212,1,2021/06/15,9:00,03:00
AHVM 213,1,2021/06/22,9:00,03:00
AHVM 214,1,2021/06/18,9:00,03:00
ANDM 211,1,2021/06/23,9:00,03:00
ANDM 212,1,2021/06/24,9:00,03:00
ANDM 213,1,2021/06/28,9:00,03:00
ANDM 312,1,2021/06/22,9:00,03:00
ANDM 313,1,2021/06/18,9:00,03:00
ANDM 314,1,2021/06/25,9:00,03:00
ANSM 211,1,2021/06/21,9:00,03:00
ANSM 214,1,2021/06/23,9:00,03:00
ANSM 311,1,2021/06/22,9:00,03:00
ANSM 312,1,2021/06/14,9:00,03:00
ANSM 313,1,2021/06/15,9:00,03:00
ANSM 314,1,2021/06/17,9:00,03:00
ANSM 411,1,2021/06/18,9:00,03:00
ANSM 412,1,2021/06/21,9:00,03:00
ANSM 413,1,2021/06/23,9:00,03:00
ANSM 414,1,2021/06/24,9:00,03:00
APPM 111,1,2021/06/18,9:00,03:00
APPM 171,1,2021/06/15,9:00,03:00
APPM 172,1,2021/06/17,9:00,03:00
APPM 211,1,2021/06/21,9:00,03:00
APPM 212,1,2021/06/15,9:00,03:00
APPM 213,1,2021/06/18,9:00,03:00
APPM 311,1,2021/06/14,9:00,03:00
APPM 312,1,2021/06/23,9:00,03:00
APPM 313,1,2021/06/23,9:00,03:00
ARTD 512,1,2021/06/14,9:00,03:00
ARTE 112,1,2021/06/17,9:00,03:00
ARTE 212,1,2021/06/21,9:00,03:00
ARTE 312,1,2021/06/15,9:00,03:00
ARTE 411,1,2021/06/21,9:00,03:00
ARTS 511,1,2021/06/15,9:00,03:00
ATSN 111,1,2021/06/28,9:00,03:00
ATSN 211,1,2021/06/21,9:00,03:00
ATSN 211,2,2021/06/17,9:00,03:00
ATSN 311,1,2021/06/14,9:00,03:00
ATSN 311,2,2021/06/17,9:00,03:00
AUDF 211,1,2021/06/24,9:00,03:00
AUDF 371,1,2021/06/25,9:00,03:00
AUDT 271,1,2021/06/22,9:00,03:00
AUDT 371,1,2021/06/17,9:00,03:00
AXDM 211,1,2021/06/29,9:00,03:00
AXDM 311,1,2021/06/28,9:00,03:00
BCDT 311,1,2021/06/14,9:00,03:00
BCHF 215,1,2021/06/15,9:00,03:00
BCHN 213,1,2021/06/17,9:00,03:00
BCHS 316,1,2021/06/25,9:00,03:00
BCHS 317,1,2021/06/22,9:00,03:00
BHIG 211,1,2021/06/17,9:00,03:00
BHIG 311,1,2021/06/14,9:00,03:00
BHIG 312,1,2021/06/21,9:00,03:00
BHIG411,1,2021/06/22,14:00,03:00
BHIG412,1,2021/06/24,9:00,03:00
BHIG413,1,2021/06/15,9:00,03:00
BHIG471,1,2021/06/28,14:00,03:00
BIOT 411,1,2021/07/08,9:00,03:00
BSTD 411,1,2021/06/21,9:00,03:00
BSTD 512,1,2021/06/17,14:00,03:00
BSTE 112,1,2021/06/24,9:00,02:00
BSTE 212,1,2021/06/28,9:00,03:00
BSTE 312,1,2021/06/21,9:00,03:00
BSTE 412,1,2021/07/05,9:00,03:00
BSWG 111,1,2021/06/15,9:00,03:00
BSWG 114,1,2021/06/17,9:00,03:00
BSWG 214,1,2021/06/21,9:00,03:00
BSWG 311,1,2021/06/15,9:00,03:00
BSWG 412,1,2021/06/14,9:00,03:00
BSWG 414,1,2021/06/18,9:00,03:00
BSWG 416,1,2021/06/21,9:00,03:00
BSWG 418,1,2021/06/22,9:00,03:00
BSWG 419,1,2021/06/28,9:00,03:00
BSWI 111,1,2021/06/18,9:00,03:00
BSWI 211,1,2021/06/18,9:00,03:00
BSWI 212,1,2021/06/22,9:00,03:00
BSWI 311,1,2021/06/21,14:00,03:00
BSWI 312,1,2021/06/29,9:00,03:00
BSWI 313,1,2021/06/23,9:00,03:00
BSWI 411,1,2021/06/30,9:00,03:00
BSWI 471,1,2021/06/17,9:00,03:00
BSWP 471,1,2021/06/23,9:00,03:00
BWIA 111,1,2021/06/15,9:00,03:00
BWIA 272,1,2021/06/21,9:00,03:00
BWIA 273,1,2021/06/21,9:00,03:00
BWIA 313,1,2021/06/28,9:00,03:00
BWIA 313,2,2021/06/28,14:00,02:00
BWIA 314,1,2021/06/24,9:00,03:00
BWIA 314,2,2021/06/24,14:00,01:30
BWIA 371,1,2021/06/23,9:00,03:00
CATE 112,1,2021/06/15,9:00,03:00
CATE 212,1,2021/06/17,9:00,03:00
CATE 312,1,2021/07/05,9:00,00:00
CATE 412,1,2021/06/15,9:00,03:00
CEMI 112,1,2021/06/18,9:00,03:00
CEMI 213,1,2021/06/17,9:00,03:00
CEMI 214,1,2021/06/24,9:00,03:00
CEMI 311,1,2021/06/14,9:00,03:00
CEMI 313,1,2021/06/18,9:00,03:00
CEMI 316,1,2021/06/21,14:00,03:00
CEMI 411,1,2021/07/05,9:00,03:00
CEMI 415 ,1,2021/07/01,9:00,03:00
CISM 313,1,2021/06/14,9:00,03:00
CISM 314,1,2021/06/22,9:00,03:00
CMPF 511,1,2021/06/25,9:00,Portfolio
CMPG 111,1,2021/06/30,9:00,03:00
CMPG 112,1,2021/06/28,14:00,03:00
CMPG 115,1,2021/06/18,9:00,03:00
CMPG 171,1,2021/06/28,9:00,03:00
CMPG 172,1,2021/07/02,9:00,03:00
CMPG 211,1,2021/07/07,14:00,03:00
CMPG 212,1,2021/07/05,9:00,02:00
CMPG 213,1,2021/06/28,9:00,03:00
CMPG 214,1,2021/06/22,9:00,03:00
CMPG 215,1,2021/06/30,9:00,02:00
CMPG 311,1,2021/06/14,14:00,00:00
CMPG 312,1,2021/07/05,14:00,00:00
CMPG 313,1,2021/06/22,14:00,00:00
CMPG 315,1,2021/06/24,9:00,00:00
COMS 113,1,2021/06/15,9:00,03:00
COMS 114,1,2021/06/17,9:00,03:00
COMS 212,1,2021/06/30,14:00,03:00
COMS 213,1,2021/06/25,9:00,03:00
COMS 214,1,2021/06/22,9:00,03:00
COMS 215,1,2021/06/29,9:00,03:00
COMS 311,1,2021/07/01,9:00,03:00
COMS 312,1,2021/06/22,14:00,03:00
COMS 313,1,2021/06/29,9:00,03:00
COMS 314,1,2021/06/18,9:00,03:00
CSCP 271,1,2021/06/14,9:00,03:00
CSDM 111,1,2021/06/17,9:00,03:00
CSDM 211,1,2021/06/17,9:00,03:00
CSDM 212,1,2021/06/15,9:00,03:00
CSDM 213,1,2021/06/21,9:00,03:00
CSDM 215,1,2021/06/22,9:00,03:00
CSDM 311,1,2021/06/18,9:00,03:00
CSDM 312,1,2021/06/21,9:00,03:00
CSDM 315,1,2021/06/22,9:00,03:00
CSDM 371,1,2021/06/23,9:00,03:00
CSFP 271,1,2021/06/14,9:00,03:00
CSMD 211,1,2021/06/18,9:00,03:00
CSMP 111,1,2021/06/18,9:00,03:00
CSMP 271,1,2021/06/22,9:00,03:00
CSOS 111,1,2021/06/21,9:00,03:00
CSPM 211,1,2021/06/25,9:00,03:00
CSPM 212,1,2021/06/15,9:00,03:00
CSPM 213,1,2021/06/18,9:00,03:00
CSPM 311,1,2021/06/15,9:00,03:00
CSPM 313,1,2021/06/28,9:00,03:00
CSPM 315,1,2021/06/17,9:00,03:00
CSPM 317,1,2021/06/17,9:00,03:00
CSPM 319,1,2021/06/18,9:00,03:00
CSPM 411,1,2021/06/14,9:00,03:00
CSPM 413,1,2021/06/15,9:00,03:00
CSPM 414,1,2021/06/14,9:00,03:00
CSPM 415,1,2021/06/15,9:00,03:00
CSPM 416,1,2021/06/22,9:00,03:00
CSPM 417,1,2021/06/17,9:00,03:00
CSPM 418,1,2021/06/18,9:00,03:00
CSPM 421,1,2021/06/21,9:00,03:00
CTEE 212,1,2021/06/15,9:00,03:00
CTEE 312,1,2021/06/17,9:00,03:00
CTEE 412,1,2021/06/15,9:00,03:00
CULV 211,1,2021/06/30,9:00,03:00
DEVS 111,1,2021/07/01,14:00,03:00
DEVS 211,1,2021/06/18,9:00,03:00
DMTM 317,1,2021/06/15,9:00,03:00
DRKN 211,1,2021/06/23,9:00,03:00
DRKS 111,1,2021/06/21,9:00,03:00
DRKS 311,1,2021/06/18,9:00,03:00
ECAM 311,1,2021/06/14,9:00,03:00
ECOD 411,1,2021/06/15,9:00,03:00
ECOD 512,1,2021/06/29,9:00,03:00
ECOE 212,1,2021/06/22,9:00,03:00
ECOE 412,1,2021/07/01,9:00,03:00
ECON 213,1,2021/06/15,9:00,03:00
ECON 315,1,2021/06/17,9:00,03:00
EDCC 215,1,2021/06/18,9:00,03:00
EDCC 411,1,2021/06/17,9:00,03:00
EDCC 412,1,2021/06/23,9:00,03:00
EDCC 414,1,2021/06/17,9:00,02:00
EDCC 514,1,2021/06/14,14:00,03:00
EDCC 515,1,2021/06/22,14:00,03:00
EDCC 516,1,2021/06/17,9:00,02:00
EDTM 312,1,2021/07/01,9:00,01:30
EEII 413,1,2021/06/14,9:00,03:00
EERI 215,1,2021/06/17,9:00,03:00
EERI 311,1,2021/06/18,9:00,03:00
EERI 313,1,2021/06/22,9:00,03:00
EERI 318,1,2021/06/15,9:00,03:00
EERI 414,1,2021/06/17,9:00,03:00
EERI 415,1,2021/06/21,9:00,03:00
EERI 418,1,2021/06/23,9:00,03:00
EERI 473,1,2021/06/25,14:00,03:00
EGDE 113,1,2021/06/22,9:00,03:00
EGDE 212,1,2021/06/23,9:00,03:00
EGDE 312,1,2021/06/24,9:00,03:00
EGDE 411,1,2021/06/28,9:00,03:00
ELYM 115,1,2021/06/15,9:00,03:00
ELYM 215,1,2021/06/17,9:00,03:00
ELYM 315,1,2021/06/22,9:00,03:00
ELYM 316,1,2021/06/29,9:00,03:00
ENAC 211,1,2021/07/02,9:00,03:00
ENFF 311,1,Portfolio,9:00,03:00
ENFF 411,1,Portfolio,9:00,03:00
ENGD 417,1,2021/06/14,9:00,03:00
ENGD 512,1,2021/07/05,14:00,03:00
ENGV 111,1,2021/06/15,9:00,03:00
ENGV 211,1,2021/06/22,9:00,03:00
ENGV 311,1,2021/06/22,9:00,03:00
ENGV 411,1,2021/06/18,9:00,03:00
ETEE 213,1,2021/06/15,9:00,03:00
ETEE 312,1,2021/06/15,9:00,03:00
ETEE 413,1,2021/06/22,9:00,03:00
FCHG 312,1,2021/06/23,9:00,01:30
FCHG 412,1,2021/06/17,14:00,01:30
FENG 211,1,2021/07/02,14:00,03:00
FETC 111,1,2021/06/17,9:00,03:00
FETM 111,1,2021/06/24,9:00,03:00
FETP 111,1,2021/06/29,9:00,03:00
FETW 211,1,2021/07/05,9:00,03:00
FINM 271,1,2021/07/02,9:00,03:00
FINM 371,1,2021/06/22,9:00,03:00
FKLG 212,1,2021/06/25,9:00,01:30
FKLG 312,1,2021/06/25,14:00,01:30
FKLG 412,1,2021/06/24,14:00,01:30
FLGX 113,1,2021/06/30,9:00,03:00
FLGX 114,1,2021/06/25,9:00,03:00
FLGX 213,1,2021/07/01,9:00,03:00
FLGX 312,1,2021/07/02,9:00,03:00
FLGX 313,1,2021/06/15,14:00,03:00
FLGX 317,1,2021/06/30,14:00,03:00
FLPV 214,1,2021/06/23,9:00,03:00
FLPX 113,1,2021/06/17,9:00,01:30
FMAN 271,1,2021/06/28,9:00,03:00
FMAN 371,1,2021/06/21,9:00,03:00
FMSG 212,1,2021/06/18,9:00,01:30
FMSG 312,1,2021/06/15,14:00,01:30
FMSG 412,1,2021/06/21,9:00,01:30
FORP 112,1,2021/06/18,9:00,03:00
FORP 215,1,2021/06/14,9:00,03:00
FORP 313,1,2021/06/15,9:00,03:00
FPFG 211,1,2021/06/29,14:00,01:30
FPFG 312,1,2021/06/30,9:00,01:30
FPFG 412,1,2021/06/22,14:00,01:30
FPKG 112,1,2021/06/15,9:00,01:30
FPKG 113,1,2021/06/28,9:00,01:30
FPKG 211,1,2021/07/01,14:00,01:30
FPKG 313,1,2021/06/17,9:00,01:30
FPKG 414,1,2021/06/29,14:00,01:30
FSKS 113,1,2021/07/08,9:00,03:00
GDKN 211,1,2021/06/25,9:00,03:00
GEOD 411,1,2021/06/14,9:00,03:00
GEOD 512,1,2021/07/05,14:00,03:00
GEOE 112,1,2021/06/15,9:00,02:00
GEOE 212,1,2021/06/22,9:00,02:00
GEOE 312,1,2021/06/29,9:00,03:00
GEOE 411,1,2021/07/06,9:00,03:00
GEOG 111,1,2021/06/29,14:00,03:00
GEOG 171,1,2021/06/15,9:00,03:00
GEOG 172,1,2021/06/17,9:00,03:00
GEOG 211,1,2021/07/02,9:00,03:00
GEOG 311,1,2021/06/17,9:00,03:00
GEOS 211,1,2021/06/30,9:00,01:30
GLGN 112,1,2021/06/15,9:00,03:00
GLGN 211,1,2021/06/14,9:00,03:00
GLGN 311,1,2021/06/14,9:00,03:00
GRFI 112,1,2021/06/15,9:00,03:00
GRFI 211,1,2021/06/15,9:00,03:00
GRFI 312,1,2021/06/14,9:00,03:00
GRFI 472,1,2021/06/15,9:00,03:00
GRFM 311,1,2021/06/15,9:00,03:00
GRFM 411,1,2021/06/17,9:00,03:00
GRFO 112,1,2021/06/17,9:00,03:00
GRFO 212,1,2021/06/17,9:00,03:00
GRFO 213,1,2021/06/18,9:00,03:00
GRFO 313,1,2021/06/15,9:00,03:00
GRFO 414,1,2021/06/14,9:00,03:00
HBRM 211,1,2021/06/30,9:00,03:00
HBRM 212,1,2021/06/15,9:00,03:00
HCOM 117,1,2021/06/15,9:00,03:00
HDEV 311,1,2021/06/22,9:00,03:00
HIRL 115,1,2021/06/17,9:00,03:00
HIRL 213,1,2021/06/23,9:00,03:00
HIRL 214,1,2021/06/24,9:00,03:00
HIRL 217,1,2021/06/25,9:00,03:00
HIRL 311,1,2021/06/15,9:00,03:00
HIRL 312,1,2021/06/18,9:00,03:00
HIRL 316,1,2021/06/21,9:00,03:00
HIRL 317,1,2021/06/22,9:00,03:00
HISD 512,1,2021/06/17,14:00,03:00
HISE 112,1,2021/06/24,9:00,03:00
HISE 212,1,2021/06/28,9:00,03:00
HISE 312,1,2021/06/23,9:00,03:00
HISE 411,1,2021/06/22,9:00,03:00
HIST 112,1,2021/06/17,14:00,03:00
HIST 212,1,2021/06/15,9:00,03:00
HIST 213,1,2021/06/28,9:00,03:00
HIST 312,1,2021/06/18,9:00,03:00
HISV 211,1,2021/06/30,9:00,03:00
HMSA 111,1,2021/06/15,9:00,03:00
HMSC 111,1,2021/06/17,9:00,03:00
HMSC 212,1,2021/06/21,9:00,03:00
HMSC 311,1,2021/06/14,9:00,03:00
HMSE 211,1,2021/06/25,9:00,03:00
HMSE 311,1,2021/06/15,9:00,03:00
HMSK 311,1,2021/06/17,9:00,03:00
HMSK 312,1,2021/06/18,9:00,03:00
HMSO 311,1,2021/06/22,9:00,03:00
HMSP 211,1,2021/06/24,9:00,03:00
HMSS 311,1,2021/06/17,9:00,03:00
HPOP 111,1,2021/07/02,14:00,03:00
HPOP 211,1,2021/06/30,9:00,03:00
HPOP 212,1,2021/06/15,9:00,03:00
HPOP 213,1,2021/06/21,9:00,03:00
HPOP 311,1,2021/06/23,9:00,03:00
HPOP 312,1,2021/07/05,9:00,03:00
HPOP 313,1,2021/06/14,9:00,03:00
HRDT 111,1,2021/06/18,14:00,03:00
HRDT 112,1,2021/06/25,9:00,03:00
HRDT 211,1,2021/06/17,9:00,03:00
HRDT 212,1,2021/06/21,14:00,03:00
HRDT 213,1,2021/06/29,9:00,03:00
HRDT 311,1,2021/06/14,9:00,03:00
HRDT 312,1,2021/07/01,9:00,03:00
HRDT 313,1,2021/06/30,9:00,03:00
HRDT 314,1,2021/06/24,14:00,03:00
HRMA 111,1,2021/06/21,9:00,03:00
HRMA 211,1,2021/06/14,14:00,03:00
HRMA 311,1,2021/06/22,9:00,03:00
HTOD 115,1,2021/06/15,9:00,03:00
HTOD 217,1,2021/06/23,9:00,03:00
HTOD 218,1,2021/06/30,9:00,03:00
HTOD 315,1,2021/07/02,9:00,03:00
HTOD 316,1,2021/07/08,9:00,03:00
HTOD 317,1,2021/06/25,9:00,03:00
ICAT 111,1,2021/07/05,14:00,03:00
ICOM 111,1,2021/06/22,9:00,03:00
IKSH 312,1,2021/06/14,9:00,03:00
IKSM 111,1,2021/06/15,9:00,03:00
IKSM 112,1,2021/06/17,9:00,03:00
IKSM 113,1,2021/06/18,9:00,03:00
IKSM 114,1,2021/06/21,9:00,03:00
IKSM 115,1,2021/06/22,9:00,03:00
IKSM 211,1,2021/06/24,9:00,03:00
IKSM 212,1,2021/06/15,9:00,03:00
IKSM 213,1,2021/06/17,9:00,03:00
IKSM 214,1,2021/06/23,9:00,03:00
IKSM 215,1,2021/06/29,9:00,03:00
IKSM 313,1,2021/06/14,9:00,03:00
IKSM 411,1,2021/06/15,9:00,03:00
IKSM 412,1,2021/06/17,9:00,03:00
INFS 111,1,2021/06/30,14:00,03:00
INFS 113,1,2021/06/18,9:00,03:00
INFS 211,1,2021/06/18,9:00,03:00
INFS 212,1,2021/06/21,9:00,03:00
INFS 213,1,2021/06/23,9:00,03:00
INFS 214,1,2021/06/24,9:00,03:00
INFS 311,1,2021/06/15,9:00,03:00
INFS 312,1,2021/06/14,9:00,03:00
INFS 313,1,2021/06/18,9:00,03:00
INGB 413,1,2021/06/14,9:00,03:00
INGM 111,1,2021/06/28,14:00,03:00
INGM 212,1,2021/06/28,9:00,03:00
INGM 311,1,2021/06/18,14:00,03:00
INGM 313,1,2021/06/30,9:00,03:00
INGM 315,1,2021/06/24,9:00,03:00
INGM 316,1,2021/07/06,14:00,03:00
INGM 318,1,2021/06/21,9:00,03:00
INGM 411,1,2021/06/29,9:00,03:00
INGM 412,1,2021/06/17,9:00,03:00
INGM 413,1,2021/06/14,9:00,03:00
INGM 417,1,2021/06/23,9:00,03:00
INGM 419,1,2021/06/21,9:00,03:00
INTD 512,1,2021/06/14,9:00,03:00
INTE 112,1,2021/06/15,9:00,03:00
INTE 212,1,2021/06/15,9:00,03:00
INTE 312,1,2021/06/15,9:00,03:00
INTE 412,1,2021/06/15,9:00,03:00
IOPS 111,1,2021/06/23,9:00,00:00
IOPS 211,1,2021/06/15,14:00,00:00
IOPS 212,1,2021/06/15,14:00,03:00
IOPS 311,1,2021/06/14,9:00,03:00
ITEE 312,1,2021/06/15,9:00,03:00
ITEE 413,1,2021/06/15,9:00,03:00
ITSP 111,1,2021/06/17,9:00,03:00
ITSP 113,1,2021/06/14,9:00,03:00
ITSP 114,1,2021/06/21,9:00,03:00
KCOM 111,1,2021/07/07,9:00,03:00
KCOM 112,1,2021/06/23,9:00,03:00
KCOM 211,1,2021/06/15,14:00,03:00
KCOM 315,1,2021/06/14,9:00,03:00
KCOM 318,1,2021/06/14,14:00,03:00
KSGS 113,1,2021/06/22,9:00,03:00
KSGS 212,1,2021/07/02,9:00,03:00
KSGS 312,1,2021/06/17,9:00,03:00
LARM 112,1,2021/06/30,9:00,03:00
LARM 212,1,2021/07/01,14:00,03:00
LARM 311,1,2021/07/02,14:00,03:00
LESE 112,1,2021/06/24,9:00,03:00
LESE 212,1,2021/06/28,9:00,03:00
LESE 312,1,2021/06/24,9:00,03:00
LESE 411,1,2021/06/21,9:00,03:00
LGAM 115,1,2021/06/23,9:00,03:00
LGAM 212,1,2021/06/14,9:00,03:00
LGAM 216,1,2021/07/01,9:00,03:00
LGAM 317,1,2021/06/22,9:00,03:00
LGAM 318,1,2021/06/25,9:00,03:00
LIFD 411,1,2021/06/15,9:00,03:00
LIFD 512,1,2021/06/24,14:00,03:00
LIFE 112,1,2021/06/23,9:00,02:00
LIFE 212,1,2021/06/24,9:00,02:00
LIFE 312,1,2021/06/28,9:00,03:00
LIFE 411,1,2021/07/01,9:00,03:00
LLOD 512,1,2021/06/21,14:00,03:00
LMNM 211,1,2021/06/18,9:00,03:00
LMNM 311,1,2021/06/21,9:00,03:00
LMNM 312,1,2021/06/15,9:00,03:00
LOCE 411,1,2021/06/23,14:00,03:00
LOPE 311,1,2021/06/29,9:00,03:00
LSIP 111,1,2021/06/23,9:00,03:00
LSIP 211,1,2021/07/02,14:00,03:00
LSIP 311,1,2021/06/22,9:00,03:00
LSIP 411,1,2021/07/06,9:00,03:00
LSKA 211,1,2021/06/22,14:00,03:00
LSKS 111,1,2021/06/29,9:00,03:00
MACC 271,1,2021/06/17,9:00,03:00
MACC 371,1,2021/06/28,9:00,03:00
MAIP 211,1,No Exam,14:00,03:00
MATD 411,1,2021/06/15,9:00,03:00
MATD 512,1,2021/06/18,9:00,03:00
MATF 111,1,2021/06/30,9:00,02:00
MATH 111,1,2021/06/24,9:00,02:30
MATH 211,1,2021/06/28,9:00,03:00
MATH 311,1,2021/06/30,9:00,03:00
MATH 411,1,2021/06/24,9:00,03:00
MATV 111,1,2021/06/28,9:00,03:00
MCBN 111,1,2021/07/05,9:00,03:00
MCBN 171,1,2021/06/22,9:00,03:00
MCBN 172,1,2021/06/25,9:00,03:00
MCHE 115,1,2021/06/30,9:00,03:00
MDAC 271,1,2021/07/02,9:00,03:00
MDAC 371,1,2021/06/23,9:00,03:00
MKBN 211,1,2021/07/06,9:00,03:00
MKBS 313,1,2021/06/23,14:00,03:00
MKBS 314,1,2021/07/05,9:00,03:00
MKBS 316,1,2021/06/14,9:00,03:00
MKBS 317,1,2021/06/15,9:00,03:00
MKBX 213,1,2021/06/30,9:00,03:00
MKPN 111,1,2021/06/23,9:00,03:00
MLAW 211,1,2021/07/05,9:00,03:00
MLIT 111,1,2021/06/17,9:00,03:00
MLIT 211,1,2021/06/23,9:00,03:00
MLIT 311,1,2021/06/15,9:00,03:00
MLIT 411,1,2021/06/21,9:00,03:00
MSVD 512,1,2021/06/30,14:00,03:00
MTEC 111,1,2021/06/25,9:00,03:00
MTHS 111,1,2021/06/23,9:00,03:00
MTHS 111,2,2021/07/06,9:00,03:00
MTHS 112,1,2021/06/21,9:00,03:00
MTHS 113,1,2021/06/25,9:00,03:00
MTHS 114,1,2021/07/02,14:00,03:00
MTHS 115,1,2021/07/01,9:00,03:00
MTHS 119,1,2021/07/07,14:00,03:00
MTHS 171,1,2021/06/22,9:00,03:00
MTHS 172,1,2021/06/21,9:00,03:00
MTHS 173,1,2021/06/18,9:00,03:00
MTHS 174,1,2021/06/21,9:00,03:00
MTHS 175,1,2021/06/28,9:00,03:00
MTHS 211,1,2021/06/25,9:00,03:00
MTHS 212,1,2021/07/05,9:00,03:00
MTHS 311,1,2021/06/17,9:00,03:00
MTHS 312,1,2021/06/21,9:00,03:00
MTLS 211,1,2021/06/28,14:00,03:00
MUSI 111,1,2021/06/18,9:00,03:00
MUSI 211,1,2021/06/17,9:00,03:00
NCHE 111,1,2021/06/22,9:00,03:00
NCHE 171,1,2021/06/29,9:00,03:00
NCHE 172,1,2021/06/30,9:00,03:00
NCHE 211,1,2021/06/29,9:00,03:00
NCHE 212,1,2021/06/28,9:00,03:00
NCHE 213,1,2021/06/22,9:00,03:00
NCHE 311,1,2021/07/08,9:00,03:00
NCHE 312,1,2021/06/30,9:00,03:00
NPHY 111,1,2021/07/01,9:00,03:00
NPHY 171,1,2021/07/05,9:00,03:00
NPHY 172,1,2021/06/23,9:00,03:00
NPHY 211,1,2021/07/07,9:00,03:00
NPHY 212,1,2021/06/17,14:00,03:00
NPHY 311,1,2021/06/28,9:00,03:00
NPHY 312,1,2021/07/01,9:00,03:00
NSFN 111,1,2021/06/18,9:00,03:00
NSSP 111,1,2021/06/28,9:00,02:00
NSSP 112,1,2021/06/28,14:00,03:00
NSSP 211,1,2021/06/30,9:00,01:30
NSTL 211,1,2021/07/02,14:00,02:00
NSTL 311,1,2021/06/21,9:00,02:00
NSTL 411,1,2021/06/23,9:00,02:00
NUTB 211,1,2021/06/14,9:00,03:00
NUTT 312,1,2021/06/21,9:00,03:00
PADM 111,1,2021/06/22,14:00,03:00
PADM 118,1,2021/06/24,9:00,03:00
PADM 211,1,2021/06/21,9:00,03:00
PADM 212,1,2021/06/28,9:00,03:00
PADM 311,1,2021/06/30,9:00,00:00
PADM 312,1,2021/06/25,9:00,00:00
PESP 111,1,2021/06/15,9:00,03:00
PESP 211,1,2021/06/22,9:00,03:00
PESP 311,1,2021/07/07,9:00,03:00
PESP 411,1,2021/06/15,9:00,03:00
PESP 511,1,2021/07/01,14:00,03:00
PHIL 112,1,2021/06/24,9:00,03:00
PHIL 212,1,2021/06/22,9:00,00:00
PHIL 311,1,2021/06/21,9:00,03:00
PHIL 312,1,2021/06/23,9:00,03:00
PHSD 411,1,2021/06/14,9:00,03:00
PHSD 512,1,2021/06/30,14:00,03:00
PHSE 312,1,2021/07/02,9:00,03:00
PHSE 412,1,2021/06/15,9:00,03:00
PLKS 111,1,2021/07/07,9:00,03:00
PLKS 171,1,2021/06/24,9:00,03:00
PLKS 172,1,2021/07/01,9:00,03:00
PLKS 211,1,2021/06/18,9:00,03:00
PLKS 314,1,2021/06/14,14:00,03:00
POLI 112,1,2021/06/28,14:00,03:00
POLI 213,1,2021/07/07,14:00,03:00
POLI 313,1,2021/06/14,14:00,03:00
POLI 314,1,2021/06/18,14:00,03:00
POLI 316,1,2021/06/15,9:00,03:00
POLT 112,1,2021/06/28,14:00,03:00
POLT 213,1,2021/07/02,9:00,03:00
POLT 214,1,2021/06/25,9:00,03:00
POLT 215,1,2021/07/01,9:00,03:00
POLT 312,1,2021/06/15,9:00,03:00
POLT 316,1,2021/06/18,9:00,03:00
POLT 318,1,2021/06/21,9:00,03:00
PSDT 111,1,2021/06/18,14:00,03:00
REII 111,1,2021/06/15,14:00,03:00
REII 211,1,2021/06/23,14:00,03:00
REII 312,1,2021/06/18,9:00,03:00
REII 313,1,2021/06/28,9:00,03:00
REII 414,1,2021/06/29,9:00,03:00
RESF 411,1,2021/06/18,9:00,03:00
RESF 412,1,2021/06/29,14:00,02:00
RESF 511,1,2021/06/29,14:00,02:00
RSVD 512,1,2021/06/14,9:00,03:00
SANL 112,1,2021/06/30,9:00,03:00
SANL 213,1,2021/06/21,14:00,03:00
SANL 315,1,2021/06/14,9:00,03:00
SBES 212,1,2021/06/14,9:00,03:00
SBES 313,1,2021/06/14,9:00,03:00
SBRS 313,1,2021/06/15,9:00,03:00
SBRS 411,1,2021/06/14,9:00,03:00
SBSS 111,1,2021/06/15,9:00,03:00
SBSS 313,1,2021/06/18,9:00,03:00
SBSS 412,1,2021/06/15,9:00,03:00
SBSS 414,1,2021/06/18,9:00,03:00
SBSS 472,1,2021/06/21,9:00,03:00
SEAF 311,1,2021/06/22,9:00,02:00
SEAF 411,1,2021/07/05,9:00,02:00
SECF 412,1,2021/06/21,9:00,03:00
SEFF 111,1,2021/07/01,9:00,03:00
SEFF 211,1,2021/06/30,14:00,03:00
SEFF 311,1,2021/06/23,9:00,03:00
SEFF 411,1,2021/06/21,14:00,03:00
SFEM 171,1,2021/06/18,9:00,03:00
SFEM 172,1,2021/06/15,9:00,03:00
SGSS 414,1,2021/06/22,9:00,03:00
SOAF 411,1,2021/06/18,9:00,03:00
SOCL 311,1,2021/06/14,9:00,03:00
SOCY 111,1,2021/07/07,9:00,03:00
SOCY 314,1,2021/06/30,14:00,03:00
SOCY 315,1,2021/06/17,9:00,03:00
SOCY 316,1,2021/07/08,9:00,03:00
SOCY 317,1,2021/07/08,9:00,03:00
SOFI 111,1,2021/06/28,9:00,03:00
SOFI 211,1,2021/06/30,14:00,03:00
SOFI 311,1,2021/06/23,9:00,03:00
SOFV 111,1,2021/06/24,9:00,03:00
SOFV 211,1,2021/06/28,9:00,03:00
SOFV 311,1,2021/06/18,9:00,03:00
SOFV 411,1,2021/06/15,9:00,03:00
SSCE 211,1,2021/06/24,14:00,01:30
SSCE 311,1,2021/06/28,14:00,02:00
SSCE 411,1,2021/07/02,9:00,03:00
SSMD 511,1,2021/06/14,9:00,03:00
SSSE 112,1,2021/06/18,14:00,03:00
STFM 111,1,2021/06/23,14:00,03:00
STFM 112,1,2021/06/18,9:00,03:00
STFM 211,1,2021/06/18,9:00,03:00
STFM 212,1,2021/06/28,9:00,03:00
STFM 311,1,2021/06/15,9:00,03:00
STFM 312,1,2021/06/21,9:00,03:00
STOM 211,1,2021/06/24,9:00,03:00
STTF 112,1,2021/06/14,14:00,03:00
STTF 115,1,2021/06/15,9:00,03:00
STTF 215,1,2021/06/14,9:00,03:00
STTK 312,1,2021/07/02,09:00,03:00
STTN 115,1,2021/06/17,9:00,03:00
STTN 215,1,2021/06/18,9:00,03:00
STTN 316,1,2021/06/15,9:00,03:00
STTN 317,1,2021/07/01,9:00,03:00
TAXC 271,1,2021/06/24,9:00,03:00
TAXC 371,1,2021/06/24,9:00,03:00
TAXF 211,1,2021/07/06,9:00,03:00
TAXF 371,1,2021/06/30,9:00,03:00
TECM 111,1,2021/06/21,9:00,03:00
TECM 211,1,2021/06/22,14:00,03:00
TECM 212,1,2021/06/25,9:00,03:00
TECM 313,1,2021/06/30,9:00,03:00
TMBP 111,1,2021/06/18,14:00,03:00
TMBP 211,1,2021/06/21,9:00,03:00
TMBP 311,1,2021/06/15,14:00,03:00
TMBP 312,1,2021/06/17,14:00,03:00
TRVD 512,1,2021/06/18,14:00,03:00
TTED 512,1,2021/06/18,14:00,03:00
VPBP 471,1,2021/06/15,9:00,03:00
VPEK 311,1,2021/06/15,9:00,03:00
VPEP 471,1,2021/06/17,9:00,03:00
VPGP 372,1,2021/06/17,9:00,03:00
VPGS 311,1,2021/06/18,9:00,03:00
VPLS 371,1,2021/06/21,9:00,03:00
VPLS 471,1,2021/06/21,9:00,03:00
VPNN 411,1,2021/06/23,9:00,03:00
VPNP 471,1,2021/06/24,9:00,03:00
VPPF 411,1,2021/06/25,9:00,03:00
VPVA 412,1,2021/06/28,9:00,03:00
VPVA 412,2,2021/06/29,9:00,03:00
VPVN 311,1,2021/06/22,9:00,03:00
VPVP 372,1,2021/06/30,9:00,03:00
VPVP 472,1,2021/06/30,9:00,03:00
VPXP 371,1,2021/07/01,9:00,03:00
VPXS 311,1,2021/07/02,9:00,03:00
VTEE 313,1,2021/06/22,9:00,03:00
VTEE 413,1,2021/06/21,9:00,03:00
VWVD 512,1,2021/06/15,14:00,03:00
WISS 111,1,2021/06/18,9:00,03:00
WISS 113,1,2021/06/21,9:00,03:00
WSKT 213,1,2021/06/28,9:00,03:00
WVCS 315,1,2021/06/15,9:00,03:00
WVLS 313,1,2021/07/06,9:00,03:00
WVLS 314,1,2021/06/24,14:00,03:00
WVNS 211,1,2021/06/24,9:00,03:00
WVOS 312,1,2021/06/25,9:00,02:00
ZUAF 211,1,2021/06/17,9:00,03:00
ZUAF 311,1,2021/06/18,9:00,03:00
ZUAF 411,1,2021/06/18,9:00,03:00
ZUFF 111,1,2021/07/01,9:00,03:00
ZUFF 211,1,2021/06/30,14:00,03:00
ZUFF 311,1,2021/06/23,9:00,03:00
ZUFF 411,1,2021/06/21,14:00,03:00
ZUFI 111,1,2021/06/28,9:00,03:00
ZUFI 211,1,2021/06/30,14:00,03:00
ZUFI 311,1,2021/06/23,9:00,03:00
ZUFI 411,1,2021/06/15,9:00,03:00
ZUIP 311,1,2021/06/15,9:00,03:00
ZUIP 411,1,2021/06/15,9:00,03:00
